action,oven,chickens,start_time,expected_end_time,timestamp,new_time_left,new_expected_end_time,actual_end_time,chickens_taken,chickens_left,time,cooking_duration,imputed_start_time,is_imputed
start_cooking,1,32.0,2024-10-05T16:19:57.805Z,2024-10-05T17:49:57.805Z,2024-10-05 16:19:58.019000+00:00,,,,,,,67.69273333333334,2024-10-05 16:19:58.019000+00:00,False
post_rush,1,,,,2024-10-05 18:02:38.855000+00:00,,,,4.0,28.0,2024-10-05T18:02:33.533Z,,2024-10-05 18:02:38.855000+00:00,False
finish_cooking,1,32.0,2024-10-18T12:19:46.000Z,2024-10-18T14:10:01.000Z,2024-10-05 18:10:55.315000+00:00,,,2024-10-05T18:10:00.000Z,,,,,2024-10-05 17:18:57.960868+00:00,True
start_cooking,1,28.0,2024-10-05T18:12:53.031Z,2024-10-05T19:42:53.031Z,2024-10-05 18:12:53.469000+00:00,,,,,,,64.3801,2024-10-05 18:12:53.469000+00:00,False
finish_cooking,1,28.0,2024-10-18T14:12:53.000Z,2024-10-18T15:42:53.000Z,2024-10-05 21:26:54.331000+00:00,,,2024-10-05T21:26:53.959Z,,,,,2024-10-05 20:34:56.976868+00:00,True
post_rush,1,,,,2024-10-05 21:26:57.547000+00:00,,,,18.0,10.0,2024-10-05T21:26:57.357Z,,2024-10-05 21:26:57.547000+00:00,False
start_cooking,1,28.0,2024-10-06T17:11:16.218Z,2024-10-06T18:41:16.218Z,2024-10-06 17:11:16.919000+00:00,,,,,,,32.76326666666667,2024-10-06 17:11:16.919000+00:00,False
adjust_cooking_time,1,,,,2024-10-06 17:11:19.415000+00:00,40.0,2024-10-06T17:51:19.170Z,,,,,,2024-10-06 17:11:19.415000+00:00,False
finish_cooking,1,28.0,,2024-10-18T13:51:19.000Z,2024-10-06 17:44:02.715000+00:00,,,2024-10-06T17:44:02.527Z,,,,,2024-10-06 16:52:05.360868+00:00,True
post_rush,1,,,,2024-10-06 17:54:30.578000+00:00,,,,18.0,10.0,2024-10-06T17:54:30.595Z,,2024-10-06 17:54:30.578000+00:00,False
start_cooking,1,28.0,2024-10-06T17:54:35.674Z,2024-10-06T19:24:35.674Z,2024-10-06 17:54:35.668000+00:00,,,,,,,52.46973333333334,2024-10-06 17:54:35.668000+00:00,False
finish_cooking,1,28.0,2024-10-18T13:54:35.000Z,2024-10-18T15:24:35.000Z,2024-10-06 19:46:43.642000+00:00,,,2024-10-06T19:46:43.455Z,,,,,2024-10-06 18:54:46.287868+00:00,True
post_rush,1,,,,2024-10-06 19:46:55.645000+00:00,,,,13.0,15.0,2024-10-06T19:46:55.484Z,,2024-10-06 19:46:55.645000+00:00,False
start_cooking,1,28.0,2024-10-06T19:47:02.066Z,2024-10-06T21:17:02.066Z,2024-10-06 19:47:02.132000+00:00,,,,,,,38.7084,2024-10-06 19:47:02.132000+00:00,False
finish_cooking,1,28.0,2024-10-18T15:47:02.000Z,2024-10-18T17:17:02.000Z,2024-10-06 21:26:20.499000+00:00,,,2024-10-06T21:26:20.311Z,,,,,2024-10-06 20:34:23.144868+00:00,True
post_rush,1,,,,2024-10-06 21:42:57.467000+00:00,,,,13.0,15.0,2024-10-06T21:42:57.302Z,,2024-10-06 21:42:57.467000+00:00,False
start_cooking,1,28.0,2024-10-07T17:06:08.780Z,2024-10-07T18:36:08.780Z,2024-10-07 17:06:08.944000+00:00,,,,,,,26.094733333333334,2024-10-07 17:06:08.944000+00:00,False
adjust_cooking_time,1,,,,2024-10-07 17:06:12.395000+00:00,20.0,2024-10-07T17:26:12.349Z,,,,,,2024-10-07 17:06:12.395000+00:00,False
finish_cooking,1,28.0,,2024-10-18T13:26:12.000Z,2024-10-07 17:32:16.204000+00:00,,,2024-10-07T17:32:16.154Z,,,,,2024-10-07 16:40:18.849868+00:00,True
post_rush,1,,,,2024-10-07 17:32:18.945000+00:00,,,,8.0,20.0,2024-10-07T17:32:18.895Z,,2024-10-07 17:32:18.945000+00:00,False
start_cooking,1,28.0,2024-10-07T17:52:20.894Z,2024-10-07T19:22:20.894Z,2024-10-07 17:52:21.024000+00:00,,,,,,,72.16791666666667,2024-10-07 17:52:21.024000+00:00,False
finish_cooking,1,28.0,2024-10-18T13:52:20.000Z,2024-10-18T15:22:20.000Z,2024-10-07 19:38:50.966000+00:00,,,2024-10-07T19:38:50.772Z,,,,,2024-10-07 18:46:53.611868+00:00,True
post_rush,1,,,,2024-10-07 19:38:58.028000+00:00,,,,8.0,20.0,2024-10-07T19:38:57.958Z,,2024-10-07 19:38:58.028000+00:00,False
start_cooking,1,28.0,2024-10-07T19:38:58.909Z,2024-10-07T21:08:58.909Z,2024-10-07 19:38:58.973000+00:00,,,,,,,80.45365,2024-10-07 19:38:58.973000+00:00,False
finish_cooking,1,28.0,2024-10-18T15:38:58.000Z,2024-10-18T17:08:58.000Z,2024-10-07 21:18:10.326000+00:00,,,2024-10-07T21:18:10.075Z,,,,,2024-10-07 20:26:12.971868+00:00,True
post_rush,1,,,,2024-10-07 21:42:26.381000+00:00,,,,13.0,15.0,2024-10-07T21:42:26.156Z,,2024-10-07 21:42:26.381000+00:00,False
start_cooking,1,28.0,2024-10-08T16:46:00.769Z,2024-10-08T18:16:00.769Z,2024-10-08 16:46:00.823000+00:00,,,,,,,15.5945,2024-10-08 16:46:00.823000+00:00,False
adjust_cooking_time,1,,,,2024-10-08 16:46:06.066000+00:00,20.0,2024-10-08T17:06:06.011Z,,,,,,2024-10-08 16:46:06.066000+00:00,False
finish_cooking,1,28.0,,2024-10-18T13:06:06.000Z,2024-10-08 17:30:00.081000+00:00,,,2024-10-08T17:29:59.997Z,,,,,2024-10-08 16:38:02.726868+00:00,True
post_rush,1,,,,2024-10-08 17:48:57.354000+00:00,,,,6.0,22.0,2024-10-08T17:48:57.131Z,,2024-10-08 17:48:57.354000+00:00,False
start_cooking,1,28.0,2024-10-08T19:15:53.938Z,2024-10-08T20:45:53.938Z,2024-10-08 19:15:54+00:00,,,,,,,108.68945000000001,2024-10-08 19:15:54+00:00,False
finish_cooking,1,28.0,2024-10-18T15:15:53.000Z,2024-10-18T16:45:53.000Z,2024-10-08 21:23:29.099000+00:00,,,2024-10-08T21:23:28.818Z,,,,,2024-10-08 20:31:31.744868+00:00,True
post_rush,1,,,,2024-10-08 21:23:36.198000+00:00,,,,8.0,20.0,2024-10-08T21:23:36.053Z,,2024-10-08 21:23:36.198000+00:00,False
start_cooking,1,32.0,2024-10-13T17:12:25.946Z,2024-10-13T18:42:25.946Z,2024-10-13 17:12:26.117000+00:00,,,,,,,82.36283333333334,2024-10-13 17:12:26.117000+00:00,False
finish_cooking,1,32.0,2024-10-18T13:12:25.000Z,2024-10-18T14:42:25.000Z,2024-10-13 18:44:21.788000+00:00,,,2024-10-13T18:44:21.562Z,,,,,2024-10-13 17:52:24.433868+00:00,True
post_rush,1,,,,2024-10-13 19:09:33.282000+00:00,,,,12.0,20.0,2024-10-13T19:09:33.057Z,,2024-10-13 19:09:33.282000+00:00,False
start_cooking,1,32.0,2024-10-13T19:09:34.419Z,2024-10-13T20:39:34.419Z,2024-10-13 19:09:34.658000+00:00,,,,,,,86.82241666666667,2024-10-13 19:09:34.658000+00:00,False
finish_cooking,1,32.0,2024-10-18T15:09:34.000Z,2024-10-18T16:39:34.000Z,2024-10-13 20:36:26.180000+00:00,,,2024-10-13T20:36:25.884Z,,,,,2024-10-13 19:44:28.825868+00:00,True
post_rush,1,,,,2024-10-13 20:42:39.855000+00:00,,,,4.0,28.0,2024-10-13T20:42:39.587Z,,2024-10-13 20:42:39.855000+00:00,False
start_cooking,2,32.0,2024-10-04T16:36:48.488Z,2024-10-04T18:06:48.488Z,2024-10-04 16:36:48.744000+00:00,,,,,,,34.859183333333334,2024-10-04 16:36:48.744000+00:00,False
adjust_cooking_time,2,,,,2024-10-04 16:36:52.144000+00:00,30.0,2024-10-04T17:06:51.986Z,,,,,,2024-10-04 16:36:52.144000+00:00,False
finish_cooking,2,32.0,,2024-10-18T13:06:51.000Z,2024-10-04 17:11:49.449000+00:00,,,2024-10-04T17:11:49.351Z,,,,,2024-10-04 16:19:52.094868+00:00,True
post_rush,2,,,,2024-10-04 17:16:08.774000+00:00,,,,8.0,24.0,2024-10-04T17:16:08.560Z,,2024-10-04 17:16:08.774000+00:00,False
start_cooking,2,28.0,2024-10-04T17:20:44.498Z,2024-10-04T18:50:44.498Z,2024-10-04 17:20:44.566000+00:00,,,,,,,0.04136666666666667,2024-10-04 17:20:44.566000+00:00,False
finish_cooking,2,28.0,2024-10-18T13:20:44.000Z,2024-10-18T14:50:44.000Z,2024-10-04 18:46:59.274000+00:00,,,2024-10-04T18:46:59.205Z,,,,,2024-10-04 17:55:01.919868+00:00,True
post_rush,2,,,,2024-10-04 19:07:10.561000+00:00,,,,18.0,10.0,2024-10-04T19:07:10.404Z,,2024-10-04 19:07:10.561000+00:00,False
start_cooking,2,28.0,2024-10-04T19:07:13.157Z,2024-10-04T20:37:13.157Z,2024-10-04 19:07:13.240000+00:00,,,,,,,87.13313333333333,2024-10-04 19:07:13.240000+00:00,False
finish_cooking,2,28.0,2024-10-18T15:07:13.000Z,2024-10-18T16:37:13.000Z,2024-10-04 20:34:22.077000+00:00,,,2024-10-04T20:34:21.800Z,,,,,2024-10-04 19:42:24.722868+00:00,True
post_rush,2,,,,2024-10-04 21:01:04.487000+00:00,,,,28.0,0.0,2024-10-04T21:01:04.054Z,,2024-10-04 21:01:04.487000+00:00,False
start_cooking,2,32.0,2024-10-05T16:15:46.772Z,2024-10-05T17:45:46.772Z,2024-10-05 16:15:47.117000+00:00,,,,,,,71.87443333333334,2024-10-05 16:15:47.117000+00:00,False
finish_cooking,2,32.0,2024-10-18T12:15:46.000Z,2024-10-18T13:45:46.000Z,2024-10-05 17:45:55.315000+00:00,,,2024-10-05T17:45:55.061Z,,,,,2024-10-05 16:53:57.960868+00:00,True
post_rush,2,,,,2024-10-05 18:02:38.448000+00:00,,,,12.0,20.0,2024-10-05T18:02:27.579Z,,2024-10-05 18:02:38.448000+00:00,False
start_cooking,2,28.0,2024-10-05T18:12:56.844Z,2024-10-05T19:42:56.844Z,2024-10-05 18:12:57.102000+00:00,,,,,,,64.31954999999999,2024-10-05 18:12:57.102000+00:00,False
finish_cooking,2,28.0,2024-10-18T14:12:56.000Z,2024-10-18T15:42:56.000Z,2024-10-05 20:14:45.520000+00:00,,,2024-10-05T20:14:45.253Z,,,,,2024-10-05 19:22:48.165868+00:00,True
post_rush,2,,,,2024-10-05 20:58:02.777000+00:00,,,,8.0,20.0,2024-10-05T20:58:02.112Z,,2024-10-05 20:58:02.777000+00:00,False
start_cooking,2,28.0,2024-10-06T17:11:05.430Z,2024-10-06T18:41:05.430Z,2024-10-06 17:11:06.148000+00:00,,,,,,,32.94278333333333,2024-10-06 17:11:06.148000+00:00,False
finish_cooking,2,28.0,2024-10-18T13:11:05.000Z,2024-10-18T14:41:05.000Z,2024-10-06 18:47:03.852000+00:00,,,2024-10-06T18:47:03.662Z,,,,,2024-10-06 17:55:06.497868+00:00,True
post_rush,2,,,,2024-10-06 18:54:48.122000+00:00,,,,28.0,0.0,2024-10-06T18:54:47.952Z,,2024-10-06 18:54:48.122000+00:00,False
start_cooking,2,28.0,2024-10-06T18:54:49.792Z,2024-10-06T20:24:49.792Z,2024-10-06 18:54:49.854000+00:00,,,,,,,51.89646666666667,2024-10-06 18:54:49.854000+00:00,False
finish_cooking,2,28.0,2024-10-18T14:54:49.000Z,2024-10-18T16:24:49.000Z,2024-10-06 20:25:44.636000+00:00,,,2024-10-06T20:25:44.421Z,,,,,2024-10-06 19:33:47.281868+00:00,True
post_rush,2,,,,2024-10-06 20:42:01.125000+00:00,,,,22.0,6.0,2024-10-06T20:42:00.741Z,,2024-10-06 20:42:01.125000+00:00,False
start_cooking,2,28.0,2024-10-07T17:05:59.498Z,2024-10-07T18:35:59.498Z,2024-10-07 17:05:59.670000+00:00,,,,,,,26.2493,2024-10-07 17:05:59.670000+00:00,False
finish_cooking,2,28.0,2024-10-18T13:05:59.000Z,2024-10-18T14:35:59.000Z,2024-10-07 19:04:31.099000+00:00,,,2024-10-07T19:04:30.835Z,,,,,2024-10-07 18:12:33.744868+00:00,True
post_rush,2,,,,2024-10-07 19:15:12.739000+00:00,,,,28.0,0.0,2024-10-07T19:15:12.560Z,,2024-10-07 19:15:12.739000+00:00,False
start_cooking,2,28.0,2024-10-07T19:15:26.489Z,2024-10-07T20:45:26.489Z,2024-10-07 19:15:26.552000+00:00,,,,,,,23.4069,2024-10-07 19:15:26.552000+00:00,False
finish_cooking,2,28.0,2024-10-18T15:15:26.000Z,2024-10-18T16:45:26.000Z,2024-10-07 20:59:27.161000+00:00,,,2024-10-07T20:59:27.081Z,,,,,2024-10-07 20:07:29.806868+00:00,True
post_rush,2,,,,2024-10-07 21:11:42.360000+00:00,,,,28.0,0.0,2024-10-07T21:11:42.082Z,,2024-10-07 21:11:42.360000+00:00,False
start_cooking,2,28.0,2024-10-08T16:45:55.011Z,2024-10-08T18:15:55.011Z,2024-10-08 16:45:55.240000+00:00,,,,,,,15.68755,2024-10-08 16:45:55.240000+00:00,False
adjust_cooking_time,2,,,,2024-10-08 16:45:59.034000+00:00,5.0,2024-10-08T16:50:58.981Z,,,,,,2024-10-08 16:45:59.034000+00:00,False
finish_cooking,2,28.0,,2024-10-18T12:50:58.000Z,2024-10-08 17:01:36.493000+00:00,,,2024-10-08T17:01:36.278Z,,,,,2024-10-08 16:09:39.138868+00:00,True
post_rush,2,,,,2024-10-08 17:29:49.501000+00:00,,,,8.0,20.0,2024-10-08T17:29:49.241Z,,2024-10-08 17:29:49.501000+00:00,False
start_cooking,2,28.0,2024-10-08T17:29:56.091Z,2024-10-08T18:59:56.091Z,2024-10-08 17:29:56.134000+00:00,,,,,,,0.06578333333333333,2024-10-08 17:29:56.134000+00:00,False
finish_cooking,2,28.0,2024-10-18T13:29:56.000Z,2024-10-18T14:59:56.000Z,2024-10-08 19:01:21.588000+00:00,,,2024-10-08T19:01:21.405Z,,,,,2024-10-08 18:09:24.233868+00:00,True
post_rush,2,,,,2024-10-08 19:15:50.416000+00:00,,,,18.0,10.0,2024-10-08T19:15:50.357Z,,2024-10-08 19:15:50.416000+00:00,False
start_cooking,2,28.0,2024-10-08T19:15:53.489Z,2024-10-08T20:45:53.489Z,2024-10-08 19:15:53.548000+00:00,,,,,,,108.69698333333334,2024-10-08 19:15:53.548000+00:00,False
finish_cooking,2,28.0,2024-10-18T15:15:53.000Z,2024-10-18T16:45:53.000Z,2024-10-08 21:04:35.367000+00:00,,,2024-10-08T21:04:35.086Z,,,,,2024-10-08 20:12:38.012868+00:00,True
post_rush,2,,,,2024-10-08 21:04:55.019000+00:00,,,,18.0,10.0,2024-10-08T21:04:54.778Z,,2024-10-08 21:04:55.019000+00:00,False
start_cooking,2,28.0,2024-10-13T17:12:33.099Z,2024-10-13T18:42:33.099Z,2024-10-13 17:12:33.234000+00:00,,,,,,,82.24421666666667,2024-10-13 17:12:33.234000+00:00,False
finish_cooking,2,28.0,2024-10-18T13:12:33.000Z,2024-10-18T14:42:33.000Z,2024-10-13 18:34:47.887000+00:00,,,2024-10-13T18:34:47.683Z,,,,,2024-10-13 17:42:50.532868+00:00,True
post_rush,2,,,,2024-10-13 19:09:29.143000+00:00,,,,28.0,0.0,2024-10-13T19:09:28.807Z,,2024-10-13 19:09:29.143000+00:00,False
start_cooking,2,32.0,2024-10-13T19:09:29.984Z,2024-10-13T20:39:29.984Z,2024-10-13 19:09:30.216000+00:00,,,,,,,86.89645,2024-10-13 19:09:30.216000+00:00,False
finish_cooking,2,32.0,2024-10-18T15:09:29.000Z,2024-10-18T16:39:29.000Z,2024-10-13 20:36:24.003000+00:00,,,2024-10-13T20:36:23.721Z,,,,,2024-10-13 19:44:26.648868+00:00,True
post_rush,2,,,,2024-10-13 20:42:19.771000+00:00,,,,32.0,0.0,2024-10-13T20:42:19.552Z,,2024-10-13 20:42:19.771000+00:00,False
start_cooking,3,32.0,2024-10-04T16:37:13.438Z,2024-10-04T18:07:13.438Z,2024-10-04 16:37:13.645000+00:00,,,,,,,34.44416666666667,2024-10-04 16:37:13.645000+00:00,False
adjust_cooking_time,3,,,,2024-10-04 16:37:16.215000+00:00,30.0,2024-10-04T17:07:16.091Z,,,,,,2024-10-04 16:37:16.215000+00:00,False
finish_cooking,3,32.0,,2024-10-18T13:07:16.000Z,2024-10-04 17:11:40.295000+00:00,,,2024-10-04T17:11:40.104Z,,,,,2024-10-04 16:19:42.940868+00:00,True
post_rush,3,,,,2024-10-04 17:11:45.101000+00:00,,,,32.0,0.0,2024-10-04T17:11:44.974Z,,2024-10-04 17:11:45.101000+00:00,False
start_cooking,3,28.0,2024-10-04T17:20:42.698Z,2024-10-04T18:50:42.698Z,2024-10-04 17:20:42.846000+00:00,,,,,,,0.07003333333333334,2024-10-04 17:20:42.846000+00:00,False
finish_cooking,3,28.0,2024-10-18T13:20:42.000Z,2024-10-18T14:50:42.000Z,2024-10-04 18:46:58.609000+00:00,,,2024-10-04T18:46:58.422Z,,,,,2024-10-04 17:55:01.254868+00:00,True
post_rush,3,,,,2024-10-04 19:06:59.955000+00:00,,,,8.0,20.0,2024-10-04T19:06:59.737Z,,2024-10-04 19:06:59.955000+00:00,False
start_cooking,3,28.0,2024-10-04T19:07:02.966Z,2024-10-04T20:37:02.966Z,2024-10-04 19:07:03.048000+00:00,,,,,,,87.30300000000001,2024-10-04 19:07:03.048000+00:00,False
finish_cooking,3,28.0,2024-10-18T15:07:02.000Z,2024-10-18T16:37:02.000Z,2024-10-04 20:34:21.228000+00:00,,,2024-10-04T20:34:20.774Z,,,,,2024-10-04 19:42:23.873868+00:00,True
post_rush,3,,,,2024-10-04 21:01:08.143000+00:00,,,,3.0,25.0,2024-10-04T21:01:07.914Z,,2024-10-04 21:01:08.143000+00:00,False
start_cooking,3,32.0,2024-10-05T15:36:36.813Z,2024-10-05T17:06:36.813Z,2024-10-05 15:36:36.979000+00:00,,,,,,,111.0434,2024-10-05 15:36:36.979000+00:00,False
finish_cooking,3,32.0,2024-10-18T11:36:36.000Z,2024-10-18T13:06:36.000Z,2024-10-05 17:27:39.583000+00:00,,,2024-10-05T17:27:37.092Z,,,,,2024-10-05 16:35:42.228868+00:00,True
post_rush,3,,,,2024-10-05 17:43:49.784000+00:00,,,,2.0,30.0,2024-10-05T17:43:49.568Z,,2024-10-05 17:43:49.784000+00:00,False
start_cooking,3,32.0,2024-10-05T17:43:58.729Z,2024-10-05T19:13:58.729Z,2024-10-05 17:43:58.812000+00:00,,,,,,,1.9417166666666668,2024-10-05 17:43:58.812000+00:00,False
finish_cooking,3,32.0,2024-10-18T13:43:58.000Z,2024-10-18T15:13:58.000Z,2024-10-05 19:17:16.275000+00:00,,,2024-10-05T19:17:16.016Z,,,,,2024-10-05 18:25:18.920868+00:00,True
post_rush,3,,,,2024-10-05 19:59:29.734000+00:00,,,,12.0,20.0,2024-10-05T19:59:29.687Z,,2024-10-05 19:59:29.734000+00:00,False
start_cooking,3,28.0,2024-10-05T19:59:35.133Z,2024-10-05T21:29:35.133Z,2024-10-05 19:59:35.182000+00:00,,,,,,,15.1723,2024-10-05 19:59:35.182000+00:00,False
finish_cooking,3,28.0,2024-10-18T15:59:35.000Z,2024-10-18T17:29:35.000Z,2024-10-05 21:26:52.320000+00:00,,,2024-10-05T21:26:52.151Z,,,,,2024-10-05 20:34:54.965868+00:00,True
post_rush,3,,,,2024-10-05 21:27:01.489000+00:00,,,,8.0,20.0,2024-10-05T21:27:01.248Z,,2024-10-05 21:27:01.489000+00:00,False
start_cooking,3,28.0,2024-10-06T17:11:22.670Z,2024-10-06T18:41:22.670Z,2024-10-06 17:11:23.302000+00:00,,,,,,,32.65688333333333,2024-10-06 17:11:23.302000+00:00,False
adjust_cooking_time,3,,,,2024-10-06 17:11:26.281000+00:00,40.0,2024-10-06T17:51:26.018Z,,,,,,2024-10-06 17:11:26.281000+00:00,False
finish_cooking,3,28.0,,2024-10-18T13:51:26.000Z,2024-10-06 17:44:03.912000+00:00,,,2024-10-06T17:44:03.910Z,,,,,2024-10-06 16:52:06.557868+00:00,True
post_rush,3,,,,2024-10-06 17:54:24.742000+00:00,,,,28.0,0.0,2024-10-06T17:54:24.643Z,,2024-10-06 17:54:24.742000+00:00,False
start_cooking,3,28.0,2024-10-06T17:54:26.345Z,2024-10-06T19:24:26.345Z,2024-10-06 17:54:26.338000+00:00,,,,,,,52.625233333333334,2024-10-06 17:54:26.338000+00:00,False
finish_cooking,3,28.0,2024-10-18T13:54:26.000Z,2024-10-18T15:24:26.000Z,2024-10-06 19:46:44.928000+00:00,,,2024-10-06T19:46:44.864Z,,,,,2024-10-06 18:54:47.573868+00:00,True
post_rush,3,,,,2024-10-06 19:46:58.110000+00:00,,,,28.0,0.0,2024-10-06T19:46:58.034Z,,2024-10-06 19:46:58.110000+00:00,False
start_cooking,3,28.0,2024-10-06T19:47:00.381Z,2024-10-06T21:17:00.381Z,2024-10-06 19:47:00.445000+00:00,,,,,,,38.73651666666667,2024-10-06 19:47:00.445000+00:00,False
finish_cooking,3,28.0,2024-10-18T15:47:00.000Z,2024-10-18T17:17:00.000Z,2024-10-06 21:23:50.547000+00:00,,,2024-10-06T21:23:50.485Z,,,,,2024-10-06 20:31:53.192868+00:00,True
post_rush,3,,,,2024-10-06 21:43:01.673000+00:00,,,,13.0,15.0,2024-10-06T21:43:01.609Z,,2024-10-06 21:43:01.673000+00:00,False
start_cooking,3,28.0,2024-10-07T17:06:13.367Z,2024-10-07T18:36:13.367Z,2024-10-07 17:06:13.423000+00:00,,,,,,,26.020083333333332,2024-10-07 17:06:13.423000+00:00,False
adjust_cooking_time,3,,,,2024-10-07 17:06:15.939000+00:00,20.0,2024-10-07T17:26:15.889Z,,,,,,2024-10-07 17:06:15.939000+00:00,False
finish_cooking,3,28.0,,2024-10-18T13:26:15.000Z,2024-10-07 17:32:14.628000+00:00,,,2024-10-07T17:32:14.525Z,,,,,2024-10-07 16:40:17.273868+00:00,True
post_rush,3,,,,2024-10-07 17:32:22.069000+00:00,,,,8.0,20.0,2024-10-07T17:32:21.997Z,,2024-10-07 17:32:22.069000+00:00,False
start_cooking,3,28.0,2024-10-07T17:52:21.775Z,2024-10-07T19:22:21.775Z,2024-10-07 17:52:21.855000+00:00,,,,,,,72.15406666666667,2024-10-07 17:52:21.855000+00:00,False
finish_cooking,3,28.0,2024-10-18T13:52:21.000Z,2024-10-18T15:22:21.000Z,2024-10-07 19:38:52.645000+00:00,,,2024-10-07T19:38:52.588Z,,,,,2024-10-07 18:46:55.290868+00:00,True
post_rush,3,,,,2024-10-07 19:38:55.401000+00:00,,,,8.0,20.0,2024-10-07T19:38:55.346Z,,2024-10-07 19:38:55.401000+00:00,False
start_cooking,3,28.0,2024-10-07T19:38:59.963Z,2024-10-07T21:08:59.963Z,2024-10-07 19:39:00.027000+00:00,,,,,,,80.43608333333333,2024-10-07 19:39:00.027000+00:00,False
finish_cooking,3,28.0,2024-10-18T15:38:59.000Z,2024-10-18T17:08:59.000Z,2024-10-07 21:18:11.409000+00:00,,,2024-10-07T21:18:11.325Z,,,,,2024-10-07 20:26:14.054868+00:00,True
post_rush,3,,,,2024-10-07 21:42:30.673000+00:00,,,,8.0,20.0,2024-10-07T21:42:30.606Z,,2024-10-07 21:42:30.673000+00:00,False
start_cooking,3,28.0,2024-10-08T16:46:08.000Z,2024-10-08T18:16:08.000Z,2024-10-08 16:46:08.047000+00:00,,,,,,,15.4741,2024-10-08 16:46:08.047000+00:00,False
adjust_cooking_time,3,,,,2024-10-08 16:46:10.969000+00:00,5.0,2024-10-08T16:51:10.923Z,,,,,,2024-10-08 16:46:10.969000+00:00,False
finish_cooking,3,28.0,,2024-10-18T12:51:10.000Z,2024-10-08 17:01:37.656000+00:00,,,2024-10-08T17:01:37.591Z,,,,,2024-10-08 16:09:40.301868+00:00,True
post_rush,3,,,,2024-10-08 17:29:52.922000+00:00,,,,11.0,17.0,2024-10-08T17:29:52.754Z,,2024-10-08 17:29:52.922000+00:00,False
start_cooking,3,28.0,2024-10-08T17:29:54.220Z,2024-10-08T18:59:54.220Z,2024-10-08 17:29:54.264000+00:00,,,,,,,0.09695000000000001,2024-10-08 17:29:54.264000+00:00,False
finish_cooking,3,28.0,2024-10-18T13:29:54.000Z,2024-10-18T14:59:54.000Z,2024-10-08 19:01:22.618000+00:00,,,2024-10-08T19:01:22.560Z,,,,,2024-10-08 18:09:25.263868+00:00,True
post_rush,3,,,,2024-10-08 19:15:47.199000+00:00,,,,8.0,20.0,2024-10-08T19:15:47.030Z,,2024-10-08 19:15:47.199000+00:00,False
start_cooking,3,28.0,2024-10-08T19:15:52.604Z,2024-10-08T20:45:52.604Z,2024-10-08 19:15:52.654000+00:00,,,,,,,108.71188333333333,2024-10-08 19:15:52.654000+00:00,False
finish_cooking,3,28.0,2024-10-18T15:15:52.000Z,2024-10-18T16:45:52.000Z,2024-10-08 21:04:37.323000+00:00,,,2024-10-08T21:04:37.193Z,,,,,2024-10-08 20:12:39.968868+00:00,True
post_rush,3,,,,2024-10-08 21:04:45.431000+00:00,,,,18.0,10.0,2024-10-08T21:04:45.223Z,,2024-10-08 21:04:45.431000+00:00,False
start_cooking,3,32.0,2024-10-13T17:12:29.425Z,2024-10-13T18:42:29.425Z,2024-10-13 17:12:29.542000+00:00,,,,,,,82.30575,2024-10-13 17:12:29.542000+00:00,False
finish_cooking,3,32.0,2024-10-18T13:12:29.000Z,2024-10-18T14:42:29.000Z,2024-10-13 18:34:50.574000+00:00,,,2024-10-13T18:34:50.497Z,,,,,2024-10-13 17:42:53.219868+00:00,True
post_rush,3,,,,2024-10-13 19:09:17.815000+00:00,,,,32.0,0.0,2024-10-13T19:09:17.174Z,,2024-10-13 19:09:17.815000+00:00,False
start_cooking,3,24.0,2024-10-13T19:09:21.401Z,2024-10-13T20:39:21.401Z,2024-10-13 19:09:21.745000+00:00,,,,,,,87.03763333333333,2024-10-13 19:09:21.745000+00:00,False
finish_cooking,3,24.0,2024-10-18T15:09:21.000Z,2024-10-18T16:39:21.000Z,2024-10-13 20:36:27.106000+00:00,,,2024-10-13T20:36:26.929Z,,,,,2024-10-13 19:44:29.751868+00:00,True
post_rush,3,,,,2024-10-13 20:42:24.543000+00:00,,,,24.0,0.0,2024-10-13T20:42:24.352Z,,2024-10-13 20:42:24.543000+00:00,False
start_cooking,4,32.0,2024-10-04T16:37:01.787Z,2024-10-04T18:07:01.787Z,2024-10-04 16:37:02.083000+00:00,,,,,,,34.63686666666667,2024-10-04 16:37:02.083000+00:00,False
adjust_cooking_time,4,,,,2024-10-04 16:37:04.570000+00:00,30.0,2024-10-04T17:07:04.421Z,,,,,,2024-10-04 16:37:04.570000+00:00,False
finish_cooking,4,32.0,,2024-10-18T13:07:04.000Z,2024-10-04 17:20:47.048000+00:00,,,2024-10-04T17:20:46.883Z,,,,,2024-10-04 16:28:49.693868+00:00,True
post_rush,4,,,,2024-10-04 17:35:39.364000+00:00,,,,2.0,30.0,2024-10-04T17:35:39.171Z,,2024-10-04 17:35:39.364000+00:00,False
start_cooking,4,28.0,2024-10-04T19:07:14.731Z,2024-10-04T20:37:14.731Z,2024-10-04 19:07:14.811000+00:00,,,,,,,87.10695000000001,2024-10-04 19:07:14.811000+00:00,False
finish_cooking,4,28.0,2024-10-18T15:07:14.000Z,2024-10-18T16:37:14.000Z,2024-10-04 21:06:34.763000+00:00,,,2024-10-04T21:06:34.441Z,,,,,2024-10-04 20:14:37.408868+00:00,True
post_rush,4,,,,2024-10-04 21:22:55.974000+00:00,,,,2.0,26.0,2024-10-04T21:22:55.690Z,,2024-10-04 21:22:55.974000+00:00,False
start_cooking,4,32.0,2024-10-05T15:36:39.153Z,2024-10-05T17:06:39.153Z,2024-10-05 15:36:39.233000+00:00,,,,,,,111.00583333333334,2024-10-05 15:36:39.233000+00:00,False
finish_cooking,4,32.0,2024-10-18T11:36:39.000Z,2024-10-18T13:06:39.000Z,2024-10-05 17:27:40.199000+00:00,,,2024-10-05T17:27:37.776Z,,,,,2024-10-05 16:35:42.844868+00:00,True
post_rush,4,,,,2024-10-05 17:43:57.044000+00:00,,,,32.0,0.0,2024-10-05T17:43:56.847Z,,2024-10-05 17:43:57.044000+00:00,False
start_cooking,4,32.0,2024-10-05T17:43:59.142Z,2024-10-05T19:13:59.142Z,2024-10-05 17:43:59.209000+00:00,,,,,,,1.9350999999999998,2024-10-05 17:43:59.209000+00:00,False
finish_cooking,4,32.0,2024-10-18T13:43:59.000Z,2024-10-18T15:13:59.000Z,2024-10-05 19:17:16.600000+00:00,,,2024-10-05T19:17:16.473Z,,,,,2024-10-05 18:25:19.245868+00:00,True
post_rush,4,,,,2024-10-05 19:59:27.122000+00:00,,,,12.0,20.0,2024-10-05T19:59:26.957Z,,2024-10-05 19:59:27.122000+00:00,False
start_cooking,4,28.0,2024-10-05T19:59:39.832Z,2024-10-05T21:29:39.832Z,2024-10-05 19:59:39.886000+00:00,,,,,,,15.0939,2024-10-05 19:59:39.886000+00:00,False
finish_cooking,4,28.0,2024-10-18T15:59:39.000Z,2024-10-18T17:29:39.000Z,2024-10-05 21:26:52.045000+00:00,,,2024-10-05T21:26:51.771Z,,,,,2024-10-05 20:34:54.690868+00:00,True
post_rush,4,,,,2024-10-05 21:27:04.324000+00:00,,,,8.0,20.0,2024-10-05T21:27:04.125Z,,2024-10-05 21:27:04.324000+00:00,False
start_cooking,4,28.0,2024-10-06T17:11:06.643Z,2024-10-06T18:41:06.643Z,2024-10-06 17:11:07.342000+00:00,,,,,,,32.92288333333333,2024-10-06 17:11:07.342000+00:00,False
finish_cooking,4,28.0,2024-10-18T13:11:06.000Z,2024-10-18T14:41:06.000Z,2024-10-06 18:47:05.087000+00:00,,,2024-10-06T18:47:05.032Z,,,,,2024-10-06 17:55:07.732868+00:00,True
post_rush,4,,,,2024-10-06 18:54:52.127000+00:00,,,,28.0,0.0,2024-10-06T18:54:52.064Z,,2024-10-06 18:54:52.127000+00:00,False
start_cooking,4,28.0,2024-10-06T18:54:53.511Z,2024-10-06T20:24:53.511Z,2024-10-06 18:54:53.565000+00:00,,,,,,,51.83461666666667,2024-10-06 18:54:53.565000+00:00,False
finish_cooking,4,28.0,2024-10-18T14:54:53.000Z,2024-10-18T16:24:53.000Z,2024-10-06 20:25:45.887000+00:00,,,2024-10-06T20:25:45.810Z,,,,,2024-10-06 19:33:48.532868+00:00,True
post_rush,4,,,,2024-10-06 21:23:46.207000+00:00,,,,22.0,6.0,2024-10-06T21:23:46.000Z,,2024-10-06 21:23:46.207000+00:00,False
start_cooking,4,28.0,2024-10-07T17:06:00.644Z,2024-10-07T18:36:00.644Z,2024-10-07 17:06:00.699000+00:00,,,,,,,26.23215,2024-10-07 17:06:00.699000+00:00,False
finish_cooking,4,28.0,2024-10-18T13:06:00.000Z,2024-10-18T14:36:00.000Z,2024-10-07 19:04:31.933000+00:00,,,2024-10-07T19:04:31.842Z,,,,,2024-10-07 18:12:34.578868+00:00,True
post_rush,4,,,,2024-10-07 19:15:24.276000+00:00,,,,8.0,20.0,2024-10-07T19:15:24.056Z,,2024-10-07 19:15:24.276000+00:00,False
start_cooking,4,28.0,2024-10-07T19:15:25.020Z,2024-10-07T20:45:25.020Z,2024-10-07 19:15:25.085000+00:00,,,,,,,23.431350000000002,2024-10-07 19:15:25.085000+00:00,False
finish_cooking,4,28.0,2024-10-18T15:15:25.000Z,2024-10-18T16:45:25.000Z,2024-10-07 20:59:26.192000+00:00,,,2024-10-07T20:59:25.920Z,,,,,2024-10-07 20:07:28.837868+00:00,True
post_rush,4,,,,2024-10-07 21:11:46.699000+00:00,,,,8.0,20.0,2024-10-07T21:11:46.614Z,,2024-10-07 21:11:46.699000+00:00,False
start_cooking,4,28.0,2024-10-08T19:15:52.139Z,2024-10-08T20:45:52.139Z,2024-10-08 19:15:52.195000+00:00,,,,,,,108.71953333333333,2024-10-08 19:15:52.195000+00:00,False
finish_cooking,4,28.0,2024-10-18T15:15:52.000Z,2024-10-18T16:45:52.000Z,2024-10-08 21:23:33.046000+00:00,,,2024-10-08T21:23:32.897Z,,,,,2024-10-08 20:31:35.691868+00:00,True
post_rush,4,,,,2024-10-08 21:42:03.540000+00:00,,,,8.0,20.0,2024-10-08T21:42:03.256Z,,2024-10-08 21:42:03.540000+00:00,False
